"Meta_Algo","1","2","3","4","5","6","7"
"airt",0.0173215011516055,0.149424197263243,0.281337217179244,0.398618073431784,0.484419455358353,0.551226121121799,0.608310188321366
"bottomset",0.0173215011516055,0.162572822110825,0.224502099986452,0.41261346700989,0.512464435713318,0.582570112450887,0.645398658718331
