"Meta_Algo","1","2","3","4","5"
"airt",0.000356824548001019,0.204174306086071,0.362522599949071,0.525296425388337,0.70855614973262
"bottomset",0.000356824548001019,0.204174306086071,0.498044945250828,0.685097959638401,0.70855614973262
