"Meta_Algo","1","2"
"airt",0.055125833865588,0.175206913987652
"bottomset",0.055125833865588,0.291573078560784
